first_name,last_name,email,city,state,country,created_at
Megan,Hernandez,david04@ware.org,Elizabethmouth,Mississippi,Bangladesh,2025-03-02 00:42:16
Molly,Ford,matthewwilliams@hull-leon.com,Jamesville,Vermont,Saint Vincent and the Grenadines,2024-10-11 07:31:12
Brenda,Davis,davery@yahoo.com,East Michelle,Georgia,Guinea,2024-01-25 21:39:43
Katelyn,Evans,thompsonkevin@yahoo.com,Clarktown,Connecticut,El Salvador,2022-09-13 01:46:26
Kevin,Rogers,thomas08@hotmail.com,Bradfordmouth,Oklahoma,Honduras,2020-10-10 22:22:44
Raymond,Collins,apalmer@phillips.org,East Mary,New Hampshire,Norfolk Island,2021-09-15 23:00:55
Christopher,Jones,ericayoung@gmail.com,Burtonhaven,Iowa,Guernsey,2022-10-16 06:21:58
Daniel,Warren,taylorelizabeth@hotmail.com,New Jeffery,Florida,Uruguay,2025-03-01 15:05:35
Vanessa,Bennett,debbiemiller@vega-rogers.com,Royview,Indiana,Barbados,2022-01-02 20:58:00
Joseph,Elliott,edward18@gmail.com,Michaelshire,Washington,Haiti,2020-06-16 12:09:57
Jennifer,Smith,bmorris@yahoo.com,Wardton,California,Kiribati,2020-11-04 12:32:42
Gregory,Williams,evanssean@hotmail.com,Williamsfurt,Kentucky,Montserrat,2024-12-03 05:25:43
Cody,Dean,lindseygregory@davidson-carey.com,Freyhaven,New Mexico,Burundi,2020-10-04 12:03:00
Lisa,Wells,austin72@bennett.com,Lloydborough,West Virginia,Uganda,2020-02-29 09:44:09
Ian,Velazquez,paula13@kelley.com,Youngbury,New York,Thailand,2024-02-21 23:15:36
Erin,Jennings,maria02@hudson.org,Whitefort,Oklahoma,Tunisia,2021-09-15 17:57:58
Alicia,Griffin,matthew81@hickman.com,East Nicholas,Kentucky,Vietnam,2022-10-10 05:50:01
Clayton,King,vramirez@johnson.com,Adamfort,Minnesota,Bangladesh,2023-04-13 18:53:00
Kristen,Jimenez,terrellhannah@newton-mccann.com,Lake Stephen,Illinois,Sri Lanka,2022-06-18 08:48:24
Matthew,Schwartz,maddenlisa@yahoo.com,East Amychester,California,Namibia,2020-03-28 05:17:18
